{"width":3508,"height":2480,"horizons":[{"count":1,"theta":1.5707963267949,"theta_sum":1.5707963267949,"r":1305,"r_sum":1305}],"verticles":[{"count":3,"theta":0,"theta_sum":0,"r":1001,"r_sum":3003}],"cross_points":[[[1755,2288]]]}