{"width":374,"height":1476,"horizons":[{"count":12,"theta":1.5707963267949,"theta_sum":18.849555921539,"r":1126.1666666667,"r_sum":13514}],"verticles":[{"count":9,"theta":0.00019392547244381,"theta_sum":0.0017453292519943,"r":251.10683831785,"r_sum":2259.9615448606}],"cross_points":[[[184,830]]]}