{"width":1435,"height":1146,"horizons":[{"count":1,"theta":1.539380400259,"theta_sum":1.539380400259,"r":61.3959558891,"r_sum":61.3959558891}],"verticles":[{"count":26,"theta":0,"theta_sum":0,"r":1002.5,"r_sum":26065}],"cross_points":[[[718,20]]]}