{"width":3510,"height":2482,"horizon_lines":[{"theta":-0,"r":28},{"theta":-0.016460234722745,"r":333.70659136179},{"theta":-0.016520189619274,"r":430.07000250946},{"theta":-0.016290302564441,"r":516.19138219858}],"verticles_lines":[],"cross_points":[]}