{"width":7020,"height":4964,"horizon_lines":[{"theta":-0,"r":1537},{"theta":-0,"r":1936}],"verticles_lines":[{"theta":-1.553298112925,"r":-3267.5321974338}],"cross_points":[[[1537,3294],[1936,3301]]]}