{"width":7020,"height":4964,"horizon_lines":[{"theta":-0.017041053881911,"r":3819.311273572},{"theta":-0.017033529394004,"r":3995.3326535084},{"theta":-0.016878187533237,"r":4184.246112865},{"theta":-0,"r":4911}],"verticles_lines":[],"cross_points":[]}