{"width":3510,"height":2482,"horizon_lines":[{"theta":-0.0052585570464014,"r":494.73296517189},{"theta":-0.0048254449282753,"r":407.19918809478},{"theta":-0,"r":2455.5},{"theta":-0.010031889572988,"r":301.72671832483}],"verticles_lines":[],"cross_points":[]}