{"width":7020,"height":4964,"horizon_lines":[],"verticles_lines":[{"theta":-1.5707963267949,"r":-6970.4285714286}],"cross_points":[[]]}