{"width":3510,"height":2482,"horizons":[{"count":1,"theta":1.5707963267949,"theta_sum":1.5707963267949,"r":85,"r_sum":85}],"verticles":[{"count":1,"theta":0,"theta_sum":0,"r":1000,"r_sum":1000}],"cross_points":[[[1755,149]]]}