{"width":7020,"height":4964,"horizons":[{"count":1,"theta":1.5707963267949,"theta_sum":1.5707963267949,"r":801,"r_sum":801}],"verticles":[{"count":1,"theta":0,"theta_sum":0,"r":1000,"r_sum":1000}],"cross_points":[[[3510,2811]]]}