{"width":7020,"height":4964,"horizons":[{"count":1,"theta":1.5707963267949,"theta_sum":1.5707963267949,"r":1399,"r_sum":1399}],"verticles":[{"count":17,"theta":0,"theta_sum":0,"r":1001,"r_sum":17017}],"cross_points":[[[3513,4910]]]}