{"width":7020,"height":4964,"horizons":[{"count":2,"theta":1.5707963267949,"theta_sum":3.1415926535898,"r":846.5,"r_sum":1693}],"verticles":[{"count":40,"theta":0,"theta_sum":0,"r":968.5,"r_sum":38740},{"count":20,"theta":0,"theta_sum":0,"r":998.5,"r_sum":19970}],"cross_points":[[[3397,2969]],[[3502,2969]]]}