{"width":7020,"height":4964,"horizons":[{"count":2,"theta":1.5707963267949,"theta_sum":3.1415926535898,"r":436.5,"r_sum":873},{"count":2,"theta":1.5707963267949,"theta_sum":3.1415926535898,"r":550.5,"r_sum":1101}],"verticles":[{"count":1,"theta":0,"theta_sum":0,"r":939,"r_sum":939},{"count":1,"theta":0,"theta_sum":0,"r":1060,"r_sum":1060},{"count":2,"theta":0,"theta_sum":0,"r":1284.5,"r_sum":2569}],"cross_points":[[[3295,1530],[3295,1930]],[[3720,1530],[3720,1930]],[[4506,1530],[4506,1930]]]}